Workbook

Sheet Aeronaves
A1: AERONAVES | Especificaciones disponibles
A3: 243 filas originales · Consulta: 13 septiembre 2026 · Consulte variantes y fuentes antes de combinar datos
A4: BADA: sin acceso a datos licenciados. Celdas vacías = dato no verificado; no equivalen a cero.
A6: Código ICAO del CSV | B6: Modelo de referencia MTOW | C6: Superficie alar pública (m²) | D6: MTOW de referencia (kg) | E6: Longitud fuselaje OpenAP (m) | F6: Longitud total / publicada (m) | G6: N.º motores principales | H6: Superficie alar BADA (m²) | I6: Cobertura
A7: A320 | B7: Airbus A320 | C7: 124 | D7: =ROUND(Fuentes!I7*0.45359237,0) -> 78000 | E7: 37.57 | F7: =ROUND(Fuentes!J7*0.3048,2) -> 37.58 | G7: 2 | I7: Con datos
A8: E170 | B8: Embraer 170 | C8: 72.72 | D8: =ROUND(Fuentes!I8*0.45359237,0) -> 38600 | E8: 29.9 | F8: =ROUND(Fuentes!J8*0.3048,2) -> 29.9 | G8: 2 | I8: Con datos
A9: A346 | B9: Airbus A340-600 | D9: =ROUND(Fuentes!I9*0.45359237,0) -> 380000 | F9: =ROUND(Fuentes!J9*0.3048,2) -> 75.35 | G9: 4 | I9: Con datos
A10: B748 | B10: Boeing 747-8 | C10: 554 | D10: =ROUND(Fuentes!I10*0.45359237,0) -> 447696 | E10: 76.3 | F10: =ROUND(Fuentes!J10*0.3048,2) -> 76.26 | G10: 4 | I10: Con datos
A11: E190 | B11: Embraer 190 | C11: 92.5 | D11: =ROUND(Fuentes!I11*0.45359237,0) -> 50300 | E11: 36.24 | F11: =ROUND(Fuentes!J11*0.3048,2) -> 36.24 | G11: 2 | I11: Con datos
A12: A319 | B12: Airbus A319 | C12: 124 | D12: =ROUND(Fuentes!I12*0.45359237,0) -> 76500 | E12: 33.84 | F12: =ROUND(Fuentes!J12*0.3048,2) -> 33.83 | G12: 2 | I12: Con datos
A13: A339 | B13: Airbus A330-900 | D13: =ROUND(Fuentes!I13*0.45359237,0) -> 251018 | F13: =ROUND(Fuentes!J13*0.3048,2) -> 63.67 | G13: 2 | I13: Con datos
A14: CRJX | B14: Bombardier CRJ1000 | D14: 40824 | F14: 39.13 | G14: 2 | I14: Con datos
A15: A20N | B15: Airbus A320 Neo | C15: 124 | D15: =ROUND(Fuentes!I15*0.45359237,0) -> 79000 | E15: 37.57 | F15: =ROUND(Fuentes!J15*0.3048,2) -> 37.58 | G15: 2 | I15: Con datos
A16: CRJ9 | B16: canadair CRJ-900 | C16: 71.07 | D16: =ROUND(Fuentes!I16*0.45359237,0) -> 36514 | E16: 33.5 | F16: =ROUND(Fuentes!J16*0.3048,2) -> 36.21 | G16: 2 | I16: Con datos
A17: A332 | B17: Airbus A330-200 | C17: 361.6 | D17: =ROUND(Fuentes!I17*0.45359237,0) -> 242000 | E17: 58.82 | F17: =ROUND(Fuentes!J17*0.3048,2) -> 59.01 | G17: 2 | I17: Con datos
A18: E75L | B18: Embraer 175 long wing | C18: 72.72 | D18: =ROUND(Fuentes!I18*0.45359237,0) -> 38790 | E18: 29.9 | F18: =ROUND(Fuentes!J18*0.3048,2) -> 32.31 | G18: 2 | I18: Con datos
A19: B77L | B19: Boeing 777-200LRF/LR | D19: =ROUND(Fuentes!I19*0.45359237,0) -> 347500 | F19: =ROUND(Fuentes!J19*0.3048,2) -> 63.73 | G19: 2 | I19: Con datos
A20: A333 | B20: Airbus A330-300 | C20: 361.6 | D20: =ROUND(Fuentes!I20*0.45359237,0) -> 242000 | E20: 63.67 | F20: =ROUND(Fuentes!J20*0.3048,2) -> 63.7 | G20: 2 | I20: Con datos
A21: A21N | B21: Airbus A321 Neo | C21: 128 | D21: =ROUND(Fuentes!I21*0.45359237,0) -> 95000 | E21: 44.51 | F21: =ROUND(Fuentes!J21*0.3048,2) -> 44.5 | G21: 2 | I21: Con datos
A22: A321 | B22: Airbus A321 | C22: 128 | D22: =ROUND(Fuentes!I22*0.45359237,0) -> 91000 | E22: 44.51 | F22: =ROUND(Fuentes!J22*0.3048,2) -> 44.5 | G22: 2 | I22: Con datos
A23: B77W | B23: Boeing 777-300ER | C23: 436.8 | D23: =ROUND(Fuentes!I23*0.45359237,0) -> 351534 | E23: 73.86 | F23: =ROUND(Fuentes!J23*0.3048,2) -> 73.85 | G23: 2 | I23: Con datos
A24: BCS3 | B24: Airbus A220-300 | D24: =ROUND(Fuentes!I24*0.45359237,0) -> 70900 | F24: =ROUND(Fuentes!J24*0.3048,2) -> 38.71 | G24: 2 | I24: Con datos
A25: B738 | B25: Boeing 737-800 | C25: 124.6 | D25: =ROUND(Fuentes!I25*0.45359237,0) -> 79016 | E25: 39.47 | F25: =ROUND(Fuentes!J25*0.3048,2) -> 39.47 | G25: 2 | I25: Con datos
A26: E195 | B26: Embraer 195 | C26: 92.5 | D26: =ROUND(Fuentes!I26*0.45359237,0) -> 52290 | E26: 38.65 | F26: =ROUND(Fuentes!J26*0.3048,2) -> 38.65 | G26: 2 | I26: Con datos
A27: B789 | B27: Boeing 787-9 Dreamliner | C27: 377 | D27: =ROUND(Fuentes!I27*0.45359237,0) -> 254012 | E27: 62.81 | F27: =ROUND(Fuentes!J27*0.3048,2) -> 62.82 | G27: 2 | I27: Con datos
A28: A343 | B28: Airbus A340-300 | C28: 363.1 | D28: =ROUND(Fuentes!I28*0.45359237,0) -> 276500 | E28: 63.69 | F28: =ROUND(Fuentes!J28*0.3048,2) -> 63.7 | G28: 4 | I28: Con datos
A29: A306 | B29: Airbus A300 B4-600 | D29: =ROUND(Fuentes!I29*0.45359237,0) -> 164999 | F29: =ROUND(Fuentes!J29*0.3048,2) -> 54.07 | G29: 2 | I29: Con datos
A30: B752 | B30: Boeing 757-200 | C30: 182.3 | D30: =ROUND(Fuentes!I30*0.45359237,0) -> 115893 | E30: 47.3 | F30: =ROUND(Fuentes!J30*0.3048,2) -> 47.34 | G30: 2 | I30: Con datos
A31: A359 | B31: Airbus 350-900 | C31: 442 | D31: =ROUND(Fuentes!I31*0.45359237,0) -> 280000 | E31: 66.8 | F31: =ROUND(Fuentes!J31*0.3048,2) -> 66.61 | G31: 2 | I31: Con datos
A32: B763 | B32: Boeing 767-300 | C32: 283.3 | D32: =ROUND(Fuentes!I32*0.45359237,0) -> 186880 | E32: 54.94 | F32: =ROUND(Fuentes!J32*0.3048,2) -> 54.96 | G32: 2 | I32: Con datos
A33: E55P | B33: Embraer Phenom 300 | D33: =ROUND(Fuentes!I33*0.45359237,0) -> 8150 | F33: =ROUND(Fuentes!J33*0.3048,2) -> 15.64 | G33: 2 | I33: Con datos
A34: CL35 | B34: Bombardier Challenger 350 | D34: =ROUND(Fuentes!I34*0.45359237,0) -> 18416 | F34: =ROUND(Fuentes!J34*0.3048,2) -> 20.91 | G34: 2 | I34: Con datos
A35: C25B | B35: Cessna Citation CJ3 | C35: 27.32 | D35: =ROUND(Fuentes!I35*0.45359237,0) -> 6291 | F35: =ROUND(Fuentes!J35*0.3048,2) -> 15.61 | G35: 2 | I35: Con datos
A36: B78X | B36: Boeing 787-10 Dreamliner | D36: =ROUND(Fuentes!I36*0.45359237,0) -> 254012 | F36: =ROUND(Fuentes!J36*0.3048,2) -> 68.31 | G36: 2 | I36: Con datos
A37: B744 | B37: Boeing 747-400 | C37: 525.6 | D37: =ROUND(Fuentes!I37*0.45359237,0) -> 412769 | E37: 70.66 | F37: =ROUND(Fuentes!J37*0.3048,2) -> 70.68 | G37: 4 | I37: Con datos
A38: B38M | B38: Boeing 737 MAX 8 | C38: 124.6 | D38: =ROUND(Fuentes!I38*0.45359237,0) -> 82191 | E38: 39.47 | F38: =ROUND(Fuentes!J38*0.3048,2) -> 39.53 | G38: 2 | I38: Con datos
A39: AT72 | B39: ATR 72-200, opción MTOW | C39: 61 | D39: 22000 | F39: 27.166 | G39: 2 | I39: Con datos
A40: B788 | B40: Boeing 787-8 BBJ/Dreamliner | C40: 377 | D40: =ROUND(Fuentes!I40*0.45359237,0) -> 227930 | E40: 56.72 | F40: =ROUND(Fuentes!J40*0.3048,2) -> 56.72 | G40: 2 | I40: Con datos
A41: B772 | B41: Boeing 777-200 | C41: 427.8 | D41: =ROUND(Fuentes!I41*0.45359237,0) -> 297557 | E41: 63.73 | F41: =ROUND(Fuentes!J41*0.3048,2) -> 63.73 | G41: 2 | I41: Con datos
I42: Pendiente
A43: AT76 | B43: ATR 72-600, opción MTOW | C43: 61 | D43: 23000 | F43: 27.166 | G43: 2 | I43: Con datos
A44: A388 | B44: Airbus A380-800 | C44: 845 | D44: =ROUND(Fuentes!I44*0.45359237,0) -> 575000 | E44: 72.72 | F44: =ROUND(Fuentes!J44*0.3048,2) -> 72.73 | G44: 4 | I44: Con datos
A45: C510 | B45: Cessna Citation Mustang | D45: =ROUND(Fuentes!I45*0.45359237,0) -> 3921 | F45: =ROUND(Fuentes!J45*0.3048,2) -> 12.37 | G45: 2 | I45: Con datos
A46: B753 | B46: Boeing 757-300 | D46: =ROUND(Fuentes!I46*0.45359237,0) -> 122470 | F46: =ROUND(Fuentes!J46*0.3048,2) -> 54.44 | G46: 2 | I46: Con datos
A47: C650 | B47: Cessna III/VI/VII | D47: =ROUND(Fuentes!I47*0.45359237,0) -> 10433 | F47: =ROUND(Fuentes!J47*0.3048,2) -> 16.92 | G47: 2 | I47: Con datos
A48: B739 | B48: Boeing 737-900 | C48: 124.6 | D48: =ROUND(Fuentes!I48*0.45359237,0) -> 85139 | E48: 42.11 | F48: =ROUND(Fuentes!J48*0.3048,2) -> 42.12 | G48: 2 | I48: Con datos
A49: GA6C | B49: Gulfstream Aerospace Gulfstream G7-G600 | D49: =ROUND(Fuentes!I49*0.45359237,0) -> 42910 | F49: =ROUND(Fuentes!J49*0.3048,2) -> 29.29 | G49: 2 | I49: Con datos
A50: C25C | B50: Cessna Citation CJ4 | C50: 30.66 | D50: =ROUND(Fuentes!I50*0.45359237,0) -> 7761 | F50: =ROUND(Fuentes!J50*0.3048,2) -> 16.25 | G50: 2 | I50: Con datos
A51: E75S | B51: Embraer 175 short wing | D51: =ROUND(Fuentes!I51*0.45359237,0) -> 37500 | F51: =ROUND(Fuentes!J51*0.3048,2) -> 31.67 | G51: 2 | I51: Con datos
A52: SF34 | B52: Saab SF 340 | C52: 41.8 | D52: =ROUND(Fuentes!I52*0.45359237,0) -> 12701 | F52: =ROUND(Fuentes!J52*0.3048,2) -> 19.72 | G52: 2 | I52: Con datos
A53: BCS1 | B53: Airbus A220-100 | D53: =ROUND(Fuentes!I53*0.45359237,0) -> 63095 | F53: =ROUND(Fuentes!J53*0.3048,2) -> 34.99 | G53: 2 | I53: Con datos
A54: LJ60 | B54: Bombardier Learjet 60 | D54: =ROUND(Fuentes!I54*0.45359237,0) -> 10319 | F54: =ROUND(Fuentes!J54*0.3048,2) -> 17.89 | G54: 2 | I54: Con datos
A55: F900 | B55: Dassault Falcon 900 | D55: =ROUND(Fuentes!I55*0.45359237,0) -> 22226 | F55: =ROUND(Fuentes!J55*0.3048,2) -> 20.21 | G55: 3 | I55: Con datos
A56: C680 | B56: Cessna Citation Sovereign | D56: =ROUND(Fuentes!I56*0.45359237,0) -> 13744 | F56: =ROUND(Fuentes!J56*0.3048,2) -> 19.35 | G56: 2 | I56: Con datos
A57: PRM1 | B57: Raytheon Premier 1/390 Premier 1 | D57: =ROUND(Fuentes!I57*0.45359237,0) -> 5670 | F57: =ROUND(Fuentes!J57*0.3048,2) -> 14.02 | G57: 2 | I57: Con datos
A58: C55B | B58: Cessna Citation Bravo | D58: =ROUND(Fuentes!I58*0.45359237,0) -> 6713 | F58: =ROUND(Fuentes!J58*0.3048,2) -> 14.54 | G58: 2 | I58: Con datos
A59: E295 | B59: Embraer 195-E2 | D59: =ROUND(Fuentes!I59*0.45359237,0) -> 61500 | F59: =ROUND(Fuentes!J59*0.3048,2) -> 41.51 | G59: 2 | I59: Con datos
A60: C56X | B60: Cessna Excel/XLS | D60: =ROUND(Fuentes!I60*0.45359237,0) -> 9163 | F60: =ROUND(Fuentes!J60*0.3048,2) -> 15.79 | G60: 2 | I60: Con datos
A61: H25B | B61: BAe HS 125/700-800/Hawker 800 | D61: =ROUND(Fuentes!I61*0.45359237,0) -> 12701 | F61: =ROUND(Fuentes!J61*0.3048,2) -> 15.61 | G61: 2 | I61: Con datos
A62: MD11 | B62: Boeing (Douglas) MD 11 | C62: 373.419 | D62: =ROUND(Fuentes!I62*0.45359237,0) -> 273289 | F62: =ROUND(Fuentes!J62*0.3048,2) -> 61.63 | G62: 3 | I62: Con datos
A63: F2TH | B63: Dassault Falcon 2000 | D63: =ROUND(Fuentes!I63*0.45359237,0) -> 19232 | F63: =ROUND(Fuentes!J63*0.3048,2) -> 20.21 | G63: 2 | I63: Con datos
A64: DH8D | B64: DeHavilland Canada 8/DHC8-400 | D64: =ROUND(Fuentes!I64*0.45359237,0) -> 29257 | F64: =ROUND(Fuentes!J64*0.3048,2) -> 32.86 | G64: 2 | I64: Con datos
A65: C25A | B65: Cessna Citation CJ2 | D65: =ROUND(Fuentes!I65*0.45359237,0) -> 5670 | F65: =ROUND(Fuentes!J65*0.3048,2) -> 14.54 | G65: 2 | I65: Con datos
A66: C68A | B66: Cessna Citation Latitude | C66: 50.4 | D66: =ROUND(Fuentes!I66*0.45359237,0) -> 13971 | F66: =ROUND(Fuentes!J66*0.3048,2) -> 18.99 | G66: 2 | I66: Con datos
A67: LJ45 | B67: Bombardier Learjet 45 | C67: 28.95 | D67: =ROUND(Fuentes!I67*0.45359237,0) -> 9752 | F67: =ROUND(Fuentes!J67*0.3048,2) -> 17.68 | G67: 2 | I67: Con datos
A68: BE4W | I68: Pendiente
A69: E35L | B69: Embraer 135BJ Legacy 600 | D69: =ROUND(Fuentes!I69*0.45359237,0) -> 20000 | F69: =ROUND(Fuentes!J69*0.3048,2) -> 26.33 | G69: 2 | I69: Con datos
A70: PC12 | B70: Pilatus PC-12 | D70: =ROUND(Fuentes!I70*0.45359237,0) -> 4740 | F70: =ROUND(Fuentes!J70*0.3048,2) -> 14.42 | G70: 1 | I70: Con datos
A71: PC24 | B71: Pilatus PC-24 | D71: =ROUND(Fuentes!I71*0.45359237,0) -> 8301 | F71: =ROUND(Fuentes!J71*0.3048,2) -> 16.86 | G71: 2 | I71: Con datos
A72: CL60 | B72: Canadair Challenger 600/601/604 | D72: =ROUND(Fuentes!I72*0.45359237,0) -> 21591 | F72: =ROUND(Fuentes!J72*0.3048,2) -> 20.85 | G72: 2 | I72: Con datos
A73: GLEX | B73: Bombardier BD-700 Global Express | D73: =ROUND(Fuentes!I73*0.45359237,0) -> 45132 | F73: =ROUND(Fuentes!J73*0.3048,2) -> 30.3 | G73: 2 | I73: Con datos
A74: B737 | B74: Boeing 737-700 | C74: 124.6 | D74: =ROUND(Fuentes!I74*0.45359237,0) -> 70080 | E74: 33.6 | F74: =ROUND(Fuentes!J74*0.3048,2) -> 33.62 | G74: 2 | I74: Con datos
A75: B39M | B75: Boeing 737 MAX 9 | C75: 124.6 | D75: =ROUND(Fuentes!I75*0.45359237,0) -> 88314 | E75: 42.11 | F75: =ROUND(Fuentes!J75*0.3048,2) -> 42.15 | G75: 2 | I75: Con datos
A76: G280 | B76: Gulfstream G280 | D76: =ROUND(Fuentes!I76*0.45359237,0) -> 17962 | F76: =ROUND(Fuentes!J76*0.3048,2) -> 20.36 | G76: 2 | I76: Con datos
A77: GL5T | B77: Bombardier BD-700 Global 5000 | D77: =ROUND(Fuentes!I77*0.45359237,0) -> 41957 | F77: =ROUND(Fuentes!J77*0.3048,2) -> 29.5 | G77: 2 | I77: Con datos
A78: GALX | B78: IAI 1126 Galaxy/Gulfstream G200 | D78: =ROUND(Fuentes!I78*0.45359237,0) -> 16171 | F78: =ROUND(Fuentes!J78*0.3048,2) -> 18.99 | G78: 2 | I78: Con datos
A79: J328 | B79: Fairchild Dornier 328 Jet | D79: =ROUND(Fuentes!I79*0.45359237,0) -> 15660 | F79: =ROUND(Fuentes!J79*0.3048,2) -> 21.24 | G79: 2 | I79: Con datos
A80: C25M | B80: Cessna Citation M2 | C80: 22.3 | D80: =ROUND(Fuentes!I80*0.45359237,0) -> 4853 | F80: =ROUND(Fuentes!J80*0.3048,2) -> 12.98 | G80: 2 | I80: Con datos
A81: BE40 | B81: Raytheon/Beech Beechjet 400/T-1 Jayhawk | D81: =ROUND(Fuentes!I81*0.45359237,0) -> 7303 | F81: =ROUND(Fuentes!J81*0.3048,2) -> 14.75 | G81: 2 | I81: Con datos
A82: CRJ2 | B82: canadair CRJ-200 | D82: =ROUND(Fuentes!I82*0.45359237,0) -> 21523 | F82: =ROUND(Fuentes!J82*0.3048,2) -> 26.76 | G82: 2 | I82: Con datos
A83: B734 | B83: Boeing 737-400 | C83: 91.04 | D83: =ROUND(Fuentes!I83*0.45359237,0) -> 68039 | E83: 33.4 | F83: =ROUND(Fuentes!J83*0.3048,2) -> 36.45 | G83: 2 | I83: Con datos
A84: P180 | B84: Piaggio P-180 Avanti | D84: =ROUND(Fuentes!I84*0.45359237,0) -> 5466 | F84: =ROUND(Fuentes!J84*0.3048,2) -> 14.42 | G84: 2 | I84: Con datos
A85: B736 | B85: Boeing 737-600 | D85: =ROUND(Fuentes!I85*0.45359237,0) -> 65544 | F85: =ROUND(Fuentes!J85*0.3048,2) -> 31.24 | G85: 2 | I85: Con datos
A86: GLF6 | B86: Gulfstream G650 | C86: 119.2 | D86: =ROUND(Fuentes!I86*0.45359237,0) -> 45178 | E86: 30.41 | F86: =ROUND(Fuentes!J86*0.3048,2) -> 30.42 | G86: 2 | I86: Con datos
A87: CL30 | B87: Bombardier (Canadair) Challenger 300 | C87: 48.5 | D87: =ROUND(Fuentes!I87*0.45359237,0) -> 17622 | F87: =ROUND(Fuentes!J87*0.3048,2) -> 20.97 | G87: 2 | I87: Con datos
A88: E290 | B88: Embraer 190-E2 | D88: =ROUND(Fuentes!I88*0.45359237,0) -> 56400 | F88: =ROUND(Fuentes!J88*0.3048,2) -> 36.21 | G88: 2 | I88: Con datos
A89: C700 | B89: Cessna Citation Longitude | C89: 49.91 | D89: =ROUND(Fuentes!I89*0.45359237,0) -> 17917 | F89: =ROUND(Fuentes!J89*0.3048,2) -> 22.31 | G89: 2 | I89: Con datos
A90: D328 | B90: Dornier 328 Series | C90: 40 | D90: =ROUND(Fuentes!I90*0.45359237,0) -> 13990 | F90: =ROUND(Fuentes!J90*0.3048,2) -> 21.28 | G90: 2 | I90: Con datos
A91: FA8X | B91: Dassault Falcon 8X | D91: =ROUND(Fuentes!I91*0.45359237,0) -> 33112 | F91: =ROUND(Fuentes!J91*0.3048,2) -> 24.44 | G91: 3 | I91: Con datos
A92: E550 | B92: Legacy 500/Praetor 600 | D92: =ROUND(Fuentes!I92*0.45359237,0) -> 17400 | F92: =ROUND(Fuentes!J92*0.3048,2) -> 20.73 | G92: 2 | I92: Con datos
A93: GL7T | B93: Bombardier BD-700 Global 7500 | D93: =ROUND(Fuentes!I93*0.45359237,0) -> 48194 | F93: =ROUND(Fuentes!J93*0.3048,2) -> 33.71 | G93: 2 | I93: Con datos
A94: B190 | B94: Beech 1900/C-12J | C94: 28.9857 | D94: =ROUND(Fuentes!I94*0.45359237,0) -> 7766 | F94: =ROUND(Fuentes!J94*0.3048,2) -> 17.59 | G94: 2 | I94: Con datos
A95: A310 | B95: Airbus A310 | C95: 219 | D95: =ROUND(Fuentes!I95*0.45359237,0) -> 144000 | F95: =ROUND(Fuentes!J95*0.3048,2) -> 46.7 | G95: 2 | I95: Con datos
A96: C525 | B96: Cessna CitationJet/CJ1 | D96: =ROUND(Fuentes!I96*0.45359237,0) -> 4853 | F96: =ROUND(Fuentes!J96*0.3048,2) -> 12.98 | G96: 2 | I96: Con datos
A97: H25C | B97: BAe/Raytheon HS 125-1000 | D97: =ROUND(Fuentes!I97*0.45359237,0) -> 14107 | F97: =ROUND(Fuentes!J97*0.3048,2) -> 16.43 | G97: 2 | I97: Con datos
A98: GLF5 | B98: Gulfstream V | D98: =ROUND(Fuentes!I98*0.45359237,0) -> 41050 | F98: =ROUND(Fuentes!J98*0.3048,2) -> 29.38 | G98: 2 | I98: Con datos
A99: FA7X | B99: Dassault Falcon 7X | D99: =ROUND(Fuentes!I99*0.45359237,0) -> 31751 | F99: =ROUND(Fuentes!J99*0.3048,2) -> 23.2 | G99: 3 | I99: Con datos
A100: GLF4 | B100: Gulfstream IV/G400 | D100: =ROUND(Fuentes!I100*0.45359237,0) -> 33203 | F100: =ROUND(Fuentes!J100*0.3048,2) -> 26.91 | G100: 2 | I100: Con datos
A101: BE20 | B101: Beech 200 Super King | C101: 28.8 | D101: =ROUND(Fuentes!I101*0.45359237,0) -> 5670 | F101: =ROUND(Fuentes!J101*0.3048,2) -> 13.35 | G101: 2 | I101: Con datos
A102: TBM7 | B102: Socata TBM-700/700A | D102: =ROUND(Fuentes!I102*0.45359237,0) -> 3000 | F102: =ROUND(Fuentes!J102*0.3048,2) -> 10.64 | G102: 1 | I102: Con datos
...

Sheet Fuentes
A1: TRAZABILIDAD | Fuentes por campo
A3: Una fila por registro original · Los enlaces identifican la fuente exacta utilizada en cada campo
A6: Código del CSV | B6: Variante superficie alar | C6: Origen superficie alar | D6: URL superficie alar | E6: URL MTOW | F6: URL longitud publicada | G6: URL motores | H6: URL fuselaje OpenAP | I6: FAA MTOW original (lb) | J6: FAA longitud original (ft) | K6: Definición longitud | L6: Observaciones
A7: A320 | B7: Airbus A320 | C7: OpenAP: parámetro wing.area (no BADA) | D7: https://github.com/junzis/openap/blob/master/openap/data/aircraft/a320.yml | E7: https://www.faa.gov/airports/engineering/aircraft_char_database/aircraft_data | F7: https://www.faa.gov/airports/engineering/aircraft_char_database/aircraft_data | G7: https://www.faa.gov/airports/engineering/aircraft_char_database/aircraft_data | H7: https://github.com/junzis/openap/blob/master/openap/data/aircraft/a320.yml | I7: 171961 | J7: 123.3 | K7: Longitud total (FAA) | L7: FAA ACD octubre 2024: configuración de referencia, no máximo entre todas las variantes. AAC validated by Flight Standardization Board (FSB) report.
A8: E170 | B8: Embraer E170 | C8: OpenAP: parámetro wing.area (no BADA) | D8: https://github.com/junzis/openap/blob/master/openap/data/aircraft/e170.yml | E8: https://www.faa.gov/airports/engineering/aircraft_char_database/aircraft_data | F8: https://www.faa.gov/airports/engineering/aircraft_char_database/aircraft_data | G8: https://www.faa.gov/airports/engineering/aircraft_char_database/aircraft_data | H8: https://github.com/junzis/openap/blob/master/openap/data/aircraft/e170.yml | I8: 85098 | J8: 98.1 | K8: Longitud total (FAA) | L8: FAA ACD octubre 2024: configuración de referencia, no máximo entre todas las variantes. AAC validated by Flight Standardization Board (FSB) report.
A9: A346 | C9: No disponible | E9: https://www.faa.gov/airports/engineering/aircraft_char_database/aircraft_data | F9: https://www.faa.gov/airports/engineering/aircraft_char_database/aircraft_data | G9: https://www.faa.gov/airports/engineering/aircraft_char_database/aircraft_data | I9: 837756 | J9: 247.2 | K9: Longitud total (FAA) | L9: FAA ACD octubre 2024: configuración de referencia, no máximo entre todas las variantes.
A10: B748 | B10: Boeing 747-8 | C10: OpenAP: parámetro wing.area (no BADA) | D10: https://github.com/junzis/openap/blob/master/openap/data/aircraft/b748.yml | E10: https://www.faa.gov/airports/engineering/aircraft_char_database/aircraft_data | F10: https://www.faa.gov/airports/engineering/aircraft_char_database/aircraft_data | G10: https://www.faa.gov/airports/engineering/aircraft_char_database/aircraft_data | H10: https://github.com/junzis/openap/blob/master/openap/data/aircraft/b748.yml | I10: 987000 | J10: 250.2 | K10: Longitud total (FAA) | L10: FAA ACD octubre 2024: configuración de referencia, no máximo entre todas las variantes. AAC validated by Flight Standardization Board (FSB) report.
A11: E190 | B11: Embraer E190 (LR) | C11: OpenAP: parámetro wing.area (no BADA) | D11: https://github.com/junzis/openap/blob/master/openap/data/aircraft/e190.yml | E11: https://www.faa.gov/airports/engineering/aircraft_char_database/aircraft_data | F11: https://www.faa.gov/airports/engineering/aircraft_char_database/aircraft_data | G11: https://www.faa.gov/airports/engineering/aircraft_char_database/aircraft_data | H11: https://github.com/junzis/openap/blob/master/openap/data/aircraft/e190.yml | I11: 110892 | J11: 118.9 | K11: Longitud total (FAA) | L11: FAA ACD octubre 2024: configuración de referencia, no máximo entre todas las variantes. AAC validated by Flight Standardization Board (FSB) report.
A12: A319 | B12: Airbus A319 | C12: OpenAP: parámetro wing.area (no BADA) | D12: https://github.com/junzis/openap/blob/master/openap/data/aircraft/a319.yml | E12: https://www.faa.gov/airports/engineering/aircraft_char_database/aircraft_data | F12: https://www.faa.gov/airports/engineering/aircraft_char_database/aircraft_data | G12: https://www.faa.gov/airports/engineering/aircraft_char_database/aircraft_data | H12: https://github.com/junzis/openap/blob/master/openap/data/aircraft/a319.yml | I12: 168653 | J12: 111 | K12: Longitud total (FAA) | L12: FAA ACD octubre 2024: configuración de referencia, no máximo entre todas las variantes. AAC validated by Flight Standardization Board (FSB) report.
A13: A339 | C13: No disponible | E13: https://www.faa.gov/airports/engineering/aircraft_char_database/aircraft_data | F13: https://www.faa.gov/airports/engineering/aircraft_char_database/aircraft_data | G13: https://www.faa.gov/airports/engineering/aircraft_char_database/aircraft_data | I13: 553400 | J13: 208.9 | K13: Longitud total (FAA) | L13: FAA ACD octubre 2024: configuración de referencia, no máximo entre todas las variantes. AAC validated by Flight Standardization Board (FSB) report.
A14: CRJX | C14: No disponible | E14: https://contentzone.eurocontrol.int/aircraftperformance/details.aspx?ICAO=CRJX | F14: https://contentzone.eurocontrol.int/aircraftperformance/details.aspx?ICAO=CRJX | G14: https://contentzone.eurocontrol.int/aircraftperformance/details.aspx?ICAO=CRJX | K14: Longitud publicada; definición no desglosada | L14: EUROCONTROL Aircraft Performance Database pública; no es la base BADA licenciada.
A15: A20N | B15: Airbus A320neo | C15: OpenAP: parámetro wing.area (no BADA) | D15: https://github.com/junzis/openap/blob/master/openap/data/aircraft/a20n.yml | E15: https://www.faa.gov/airports/engineering/aircraft_char_database/aircraft_data | F15: https://www.faa.gov/airports/engineering/aircraft_char_database/aircraft_data | G15: https://www.faa.gov/airports/engineering/aircraft_char_database/aircraft_data | H15: https://github.com/junzis/openap/blob/master/openap/data/aircraft/a20n.yml | I15: 174165 | J15: 123.3 | K15: Longitud total (FAA) | L15: FAA ACD octubre 2024: configuración de referencia, no máximo entre todas las variantes. AAC validated by Flight Standardization Board (FSB) report.
A16: CRJ9 | B16: BOMBARDIER CRJ9 | C16: OpenAP: parámetro wing.area (no BADA) | D16: https://github.com/junzis/openap/blob/master/openap/data/aircraft/crj9.yml | E16: https://www.faa.gov/airports/engineering/aircraft_char_database/aircraft_data | F16: https://www.faa.gov/airports/engineering/aircraft_char_database/aircraft_data | G16: https://www.faa.gov/airports/engineering/aircraft_char_database/aircraft_data | H16: https://github.com/junzis/openap/blob/master/openap/data/aircraft/crj9.yml | I16: 80500 | J16: 118.8 | K16: Longitud total (FAA) | L16: FAA ACD octubre 2024: configuración de referencia, no máximo entre todas las variantes. Long Range version has an increased MALW, such that CRJ9 approach Category falls into D. AAC validated by Flight Standardization Board (FSB) report.
A17: A332 | B17: Airbus A330-200 | C17: OpenAP: parámetro wing.area (no BADA) | D17: https://github.com/junzis/openap/blob/master/openap/data/aircraft/a332.yml | E17: https://www.faa.gov/airports/engineering/aircraft_char_database/aircraft_data | F17: https://www.faa.gov/airports/engineering/aircraft_char_database/aircraft_data | G17: https://www.faa.gov/airports/engineering/aircraft_char_database/aircraft_data | H17: https://github.com/junzis/openap/blob/master/openap/data/aircraft/a332.yml | I17: 533519 | J17: 193.6 | K17: Longitud total (FAA) | L17: FAA ACD octubre 2024: configuración de referencia, no máximo entre todas las variantes. AAC validated by Flight Standardization Board (FSB) report.
A18: E75L | B18: Embraer E175 (LR) | C18: OpenAP: parámetro wing.area (no BADA) | D18: https://github.com/junzis/openap/blob/master/openap/data/aircraft/e75l.yml | E18: https://www.faa.gov/airports/engineering/aircraft_char_database/aircraft_data | F18: https://www.faa.gov/airports/engineering/aircraft_char_database/aircraft_data | G18: https://www.faa.gov/airports/engineering/aircraft_char_database/aircraft_data | H18: https://github.com/junzis/openap/blob/master/openap/data/aircraft/e75l.yml | I18: 85517 | J18: 106 | K18: Longitud total (FAA) | L18: FAA ACD octubre 2024: configuración de referencia, no máximo entre todas las variantes. AAC validated by Flight Standardization Board (FSB) report.
A19: B77L | C19: No disponible | E19: https://www.faa.gov/airports/engineering/aircraft_char_database/aircraft_data | F19: https://www.faa.gov/airports/engineering/aircraft_char_database/aircraft_data | G19: https://www.faa.gov/airports/engineering/aircraft_char_database/aircraft_data | I19: 766106 | J19: 209.1 | K19: Longitud total (FAA) | L19: FAA ACD octubre 2024: configuración de referencia, no máximo entre todas las variantes. AAC validated by Flight Standardization Board (FSB) report.
A20: A333 | B20: Airbus A330-300 | C20: OpenAP: parámetro wing.area (no BADA) | D20: https://github.com/junzis/openap/blob/master/openap/data/aircraft/a333.yml | E20: https://www.faa.gov/airports/engineering/aircraft_char_database/aircraft_data | F20: https://www.faa.gov/airports/engineering/aircraft_char_database/aircraft_data | G20: https://www.faa.gov/airports/engineering/aircraft_char_database/aircraft_data | H20: https://github.com/junzis/openap/blob/master/openap/data/aircraft/a333.yml | I20: 533519 | J20: 209 | K20: Longitud total (FAA) | L20: FAA ACD octubre 2024: configuración de referencia, no máximo entre todas las variantes. AAC validated by Flight Standardization Board (FSB) report.
A21: A21N | B21: Airbus A321neo | C21: OpenAP: parámetro wing.area (no BADA) | D21: https://github.com/junzis/openap/blob/master/openap/data/aircraft/a21n.yml | E21: https://www.faa.gov/airports/engineering/aircraft_char_database/aircraft_data | F21: https://www.faa.gov/airports/engineering/aircraft_char_database/aircraft_data | G21: https://www.faa.gov/airports/engineering/aircraft_char_database/aircraft_data | H21: https://github.com/junzis/openap/blob/master/openap/data/aircraft/a21n.yml | I21: 209439 | J21: 146 | K21: Longitud total (FAA) | L21: FAA ACD octubre 2024: configuración de referencia, no máximo entre todas las variantes. AAC validated by Flight Standardization Board (FSB) report.
A22: A321 | B22: Airbus A321 | C22: OpenAP: parámetro wing.area (no BADA) | D22: https://github.com/junzis/openap/blob/master/openap/data/aircraft/a321.yml | E22: https://www.faa.gov/airports/engineering/aircraft_char_database/aircraft_data | F22: https://www.faa.gov/airports/engineering/aircraft_char_database/aircraft_data | G22: https://www.faa.gov/airports/engineering/aircraft_char_database/aircraft_data | H22: https://github.com/junzis/openap/blob/master/openap/data/aircraft/a321.yml | I22: 200621 | J22: 146 | K22: Longitud total (FAA) | L22: FAA ACD octubre 2024: configuración de referencia, no máximo entre todas las variantes. The final approach speed is 140 knot at a MALW of 166,449 lb and classifies the aircraft into the AAC C while approach speed is 142 knot at a MALW of 171,520 lb and classifies into the AAC D. AAC validated by Flight Standardization Board (FSB) report.
A23: B77W | B23: Boeing 777-300ER | C23: OpenAP: parámetro wing.area (no BADA) | D23: https://github.com/junzis/openap/blob/master/openap/data/aircraft/b77w.yml | E23: https://www.faa.gov/airports/engineering/aircraft_char_database/aircraft_data | F23: https://www.faa.gov/airports/engineering/aircraft_char_database/aircraft_data | G23: https://www.faa.gov/airports/engineering/aircraft_char_database/aircraft_data | H23: https://github.com/junzis/openap/blob/master/openap/data/aircraft/b77w.yml | I23: 775000 | J23: 242.3 | K23: Longitud total (FAA) | L23: FAA ACD octubre 2024: configuración de referencia, no máximo entre todas las variantes. AAC validated by Flight Standardization Board (FSB) report.
A24: BCS3 | C24: No disponible | E24: https://www.faa.gov/airports/engineering/aircraft_char_database/aircraft_data | F24: https://www.faa.gov/airports/engineering/aircraft_char_database/aircraft_data | G24: https://www.faa.gov/airports/engineering/aircraft_char_database/aircraft_data | I24: 156307 | J24: 127 | K24: Longitud total (FAA) | L24: FAA ACD octubre 2024: configuración de referencia, no máximo entre todas las variantes.
A25: B738 | B25: Boeing 737-800 | C25: OpenAP: parámetro wing.area (no BADA) | D25: https://github.com/junzis/openap/blob/master/openap/data/aircraft/b738.yml | E25: https://www.faa.gov/airports/engineering/aircraft_char_database/aircraft_data | F25: https://www.faa.gov/airports/engineering/aircraft_char_database/aircraft_data | G25: https://www.faa.gov/airports/engineering/aircraft_char_database/aircraft_data | H25: https://github.com/junzis/openap/blob/master/openap/data/aircraft/b738.yml | I25: 174200 | J25: 129.5 | K25: Longitud total (FAA) | L25: FAA ACD octubre 2024: configuración de referencia, no máximo entre todas las variantes. Depending on flaps configuration and MALW, AAC could be C. AAC validated by Flight Standardization Board (FSB) report.
A26: E195 | B26: Embraer E195 (LR) | C26: OpenAP: parámetro wing.area (no BADA) | D26: https://github.com/junzis/openap/blob/master/openap/data/aircraft/e195.yml | E26: https://www.faa.gov/airports/engineering/aircraft_char_database/aircraft_data | F26: https://www.faa.gov/airports/engineering/aircraft_char_database/aircraft_data | G26: https://www.faa.gov/airports/engineering/aircraft_char_database/aircraft_data | H26: https://github.com/junzis/openap/blob/master/openap/data/aircraft/e195.yml | I26: 115280 | J26: 126.8 | K26: Longitud total (FAA) | L26: FAA ACD octubre 2024: configuración de referencia, no máximo entre todas las variantes. AAC validated by Flight Standardization Board (FSB) report.
A27: B789 | B27: Boeing 787-9 | C27: OpenAP: parámetro wing.area (no BADA) | D27: https://github.com/junzis/openap/blob/master/openap/data/aircraft/b789.yml | E27: https://www.faa.gov/airports/engineering/aircraft_char_database/aircraft_data | F27: https://www.faa.gov/airports/engineering/aircraft_char_database/aircraft_data | G27: https://www.faa.gov/airports/engineering/aircraft_char_database/aircraft_data | H27: https://github.com/junzis/openap/blob/master/openap/data/aircraft/b789.yml | I27: 560000 | J27: 206.1 | K27: Longitud total (FAA) | L27: FAA ACD octubre 2024: configuración de referencia, no máximo entre todas las variantes. Depending on configurations and performance packages, AAC could be C. AAC validated by Flight Standardization Board (FSB) report.
A28: A343 | B28: Airbus A340-300 | C28: OpenAP: parámetro wing.area (no BADA) | D28: https://github.com/junzis/openap/blob/master/openap/data/aircraft/a343.yml | E28: https://www.faa.gov/airports/engineering/aircraft_char_database/aircraft_data | F28: https://www.faa.gov/airports/engineering/aircraft_char_database/aircraft_data | G28: https://www.faa.gov/airports/engineering/aircraft_char_database/aircraft_data | H28: https://github.com/junzis/openap/blob/master/openap/data/aircraft/a343.yml | I28: 609578 | J28: 209 | K28: Longitud total (FAA) | L28: FAA ACD octubre 2024: configuración de referencia, no máximo entre todas las variantes.
A29: A306 | C29: No disponible | E29: https://www.faa.gov/airports/engineering/aircraft_char_database/aircraft_data | F29: https://www.faa.gov/airports/engineering/aircraft_char_database/aircraft_data | G29: https://www.faa.gov/airports/engineering/aircraft_char_database/aircraft_data | I29: 363760 | J29: 177.4 | K29: Longitud total (FAA) | L29: FAA ACD octubre 2024: configuración de referencia, no máximo entre todas las variantes. AAC validated by Flight Standardization Board (FSB) report.
A30: B752 | B30: Boeing 757-200 | C30: OpenAP: parámetro wing.area (no BADA) | D30: https://github.com/junzis/openap/blob/master/openap/data/aircraft/b752.yml | E30: https://www.faa.gov/airports/engineering/aircraft_char_database/aircraft_data | F30: https://www.faa.gov/airports/engineering/aircraft_char_database/aircraft_data | G30: https://www.faa.gov/airports/engineering/aircraft_char_database/aircraft_data | H30: https://github.com/junzis/openap/blob/master/openap/data/aircraft/b752.yml | I30: 255500 | J30: 155.3 | K30: Longitud total (FAA) | L30: FAA ACD octubre 2024: configuración de referencia, no máximo entre todas las variantes.
A31: A359 | B31: Airbus A350-900 | C31: OpenAP: parámetro wing.area (no BADA) | D31: https://github.com/junzis/openap/blob/master/openap/data/aircraft/a359.yml | E31: https://www.faa.gov/airports/engineering/aircraft_char_database/aircraft_data | F31: https://www.faa.gov/airports/engineering/aircraft_char_database/aircraft_data | G31: https://www.faa.gov/airports/engineering/aircraft_char_database/aircraft_data | H31: https://github.com/junzis/openap/blob/master/openap/data/aircraft/a359.yml | I31: 617295 | J31: 218.54 | K31: Longitud total (FAA) | L31: FAA ACD octubre 2024: configuración de referencia, no máximo entre todas las variantes. AAC validated by Flight Standardization Board (FSB) report.
A32: B763 | B32: Boeing 767-300 | C32: OpenAP: parámetro wing.area (no BADA) | D32: https://github.com/junzis/openap/blob/master/openap/data/aircraft/b763.yml | E32: https://www.faa.gov/airports/engineering/aircraft_char_database/aircraft_data | F32: https://www.faa.gov/airports/engineering/aircraft_char_database/aircraft_data | G32: https://www.faa.gov/airports/engineering/aircraft_char_database/aircraft_data | H32: https://github.com/junzis/openap/blob/master/openap/data/aircraft/b763.yml | I32: 412000 | J32: 180.3 | K32: Longitud total (FAA) | L32: FAA ACD octubre 2024: configuración de referencia, no máximo entre todas las variantes.
A33: E55P | C33: No disponible | E33: https://www.faa.gov/airports/engineering/aircraft_char_database/aircraft_data | F33: https://www.faa.gov/airports/engineering/aircraft_char_database/aircraft_data | G33: https://www.faa.gov/airports/engineering/aircraft_char_database/aircraft_data | I33: 17968 | J33: 51.3 | K33: Longitud total (FAA) | L33: FAA ACD octubre 2024: configuración de referencia, no máximo entre todas las variantes. AAC validated by Flight Standardization Board (FSB) report.
A34: CL35 | C34: No disponible | E34: https://www.faa.gov/airports/engineering/aircraft_char_database/aircraft_data | F34: https://www.faa.gov/airports/engineering/aircraft_char_database/aircraft_data | G34: https://www.faa.gov/airports/engineering/aircraft_char_database/aircraft_data | I34: 40600 | J34: 68.6 | K34: Longitud total (FAA) | L34: FAA ACD octubre 2024: configuración de referencia, no máximo entre todas las variantes. AAC validated by Flight Standardization Board (FSB) report.
A35: C25B | B35: Citation CJ3 Gen3 | C35: Fabricante: Wing Area | D35: https://cessna.txtav.com/en/citation/cj3-gen2 | E35: https://www.faa.gov/airports/engineering/aircraft_char_database/aircraft_data | F35: https://www.faa.gov/airports/engineering/aircraft_char_database/aircraft_data | G35: https://www.faa.gov/airports/engineering/aircraft_char_database/aircraft_data | I35: 13870 | J35: 51.2 | K35: Longitud total (FAA) | L35: FAA ACD octubre 2024: configuración de referencia, no máximo entre todas las variantes. AAC validated by Flight Standardization Board (FSB) report.
A36: B78X | C36: No disponible | E36: https://www.faa.gov/airports/engineering/aircraft_char_database/aircraft_data | F36: https://www.faa.gov/airports/engineering/aircraft_char_database/aircraft_data | G36: https://www.faa.gov/airports/engineering/aircraft_char_database/aircraft_data | I36: 560000 | J36: 224.1 | K36: Longitud total (FAA) | L36: FAA ACD octubre 2024: configuración de referencia, no máximo entre todas las variantes. Approach speed estimated by Virginia Tech.
A37: B744 | B37: Boeing 747-400 | C37: OpenAP: parámetro wing.area (no BADA) | D37: https://github.com/junzis/openap/blob/master/openap/data/aircraft/b744.yml | E37: https://www.faa.gov/airports/engineering/aircraft_char_database/aircraft_data | F37: https://www.faa.gov/airports/engineering/aircraft_char_database/aircraft_data | G37: https://www.faa.gov/airports/engineering/aircraft_char_database/aircraft_data | H37: https://github.com/junzis/openap/blob/master/openap/data/aircraft/b744.yml | I37: 910000 | J37: 231.9 | K37: Longitud total (FAA) | L37: FAA ACD octubre 2024: configuración de referencia, no máximo entre todas las variantes. AAC validated by Flight Standardization Board (FSB) report.
A38: B38M | B38: Boeing 737 MAX 8 | C38: OpenAP: parámetro wing.area (no BADA) | D38: https://github.com/junzis/openap/blob/master/openap/data/aircraft/b38m.yml | E38: https://www.faa.gov/airports/engineering/aircraft_char_database/aircraft_data | F38: https://www.faa.gov/airports/engineering/aircraft_char_database/aircraft_data | G38: https://www.faa.gov/airports/engineering/aircraft_char_database/aircraft_data | H38: https://github.com/junzis/openap/blob/master/openap/data/aircraft/b38m.yml | I38: 181200 | J38: 129.7 | K38: Longitud total (FAA) | L38: FAA ACD octubre 2024: configuración de referencia, no máximo entre todas las variantes. Depending on flaps configuration and MALW, AAC could be C. AAC validated by Flight Standardization Board (FSB) report.
A39: AT72 | B39: ATR 72-200, opción MTOW | C39: Fabricante: superficie alar | D39: https://www.atr-aircraft.com/wp-content/uploads/2020/07/72-200.pdf | E39: https://www.atr-aircraft.com/wp-content/uploads/2020/07/72-200.pdf | F39: https://www.atr-aircraft.com/wp-content/uploads/2020/07/72-200.pdf | G39: https://www.faa.gov/airports/engineering/aircraft_char_database/aircraft_data | K39: Longitud general publicada por fabricante | L39: Ficha ATR pp. 1–2. MTOW básico 21500 kg, opción 22000 kg.
A40: B788 | B40: Boeing 787-8 | C40: OpenAP: parámetro wing.area (no BADA) | D40: https://github.com/junzis/openap/blob/master/openap/data/aircraft/b788.yml | E40: https://www.faa.gov/airports/engineering/aircraft_char_database/aircraft_data | F40: https://www.faa.gov/airports/engineering/aircraft_char_database/aircraft_data | G40: https://www.faa.gov/airports/engineering/aircraft_char_database/aircraft_data | H40: https://github.com/junzis/openap/blob/master/openap/data/aircraft/b788.yml | I40: 502500 | J40: 186.1 | K40: Longitud total (FAA) | L40: FAA ACD octubre 2024: configuración de referencia, no máximo entre todas las variantes. Depending on configurations and performance packages, AAC could be C. AAC validated by Flight Standardization Board (FSB) report.
A41: B772 | B41: Boeing 777-200/200ER | C41: OpenAP: parámetro wing.area (no BADA) | D41: https://github.com/junzis/openap/blob/master/openap/data/aircraft/b772.yml | E41: https://www.faa.gov/airports/engineering/aircraft_char_database/aircraft_data | F41: https://www.faa.gov/airports/engineering/aircraft_char_database/aircraft_data | G41: https://www.faa.gov/airports/engineering/aircraft_char_database/aircraft_data | H41: https://github.com/junzis/openap/blob/master/openap/data/aircraft/b772.yml | I41: 656000 | J41: 209.1 | K41: Longitud total (FAA) | L41: FAA ACD octubre 2024: configuración de referencia, no máximo entre todas las variantes. AAC validated by Flight Standardization Board (FSB) report.
C42: No disponible | K42: No disponible | L42: Fila vacía del CSV original; conservada.
A43: AT76 | B43: ATR 72-600, opción MTOW | C43: Fabricante: superficie alar | D43: https://www.atr-aircraft.com/wp-content/uploads/2020/07/Factsheets_-_ATR_72-600.pdf | E43: https://www.atr-aircraft.com/wp-content/uploads/2020/07/Factsheets_-_ATR_72-600.pdf | F43: https://www.atr-aircraft.com/wp-content/uploads/2020/07/Factsheets_-_ATR_72-600.pdf | G43: https://www.faa.gov/airports/engineering/aircraft_char_database/aircraft_data | K43: Longitud general publicada por fabricante | L43: MTOW básico 22800 kg; opción 23000 kg.
A44: A388 | B44: Airbus A380-800 | C44: OpenAP: parámetro wing.area (no BADA) | D44: https://github.com/junzis/openap/blob/master/openap/data/aircraft/a388.yml | E44: https://www.faa.gov/airports/engineering/aircraft_char_database/aircraft_data | F44: https://www.faa.gov/airports/engineering/aircraft_char_database/aircraft_data | G44: https://www.faa.gov/airports/engineering/aircraft_char_database/aircraft_data | H44: https://github.com/junzis/openap/blob/master/openap/data/aircraft/a388.yml | I44: 1267658 | J44: 238.6 | K44: Longitud total (FAA) | L44: FAA ACD octubre 2024: configuración de referencia, no máximo entre todas las variantes. AAC validated by Flight Standardization Board (FSB) report.
A45: C510 | C45: No disponible | E45: https://www.faa.gov/airports/engineering/aircraft_char_database/aircraft_data | F45: https://www.faa.gov/airports/engineering/aircraft_char_database/aircraft_data | G45: https://www.faa.gov/airports/engineering/aircraft_char_database/aircraft_data | I45: 8645 | J45: 40.6 | K45: Longitud total (FAA) | L45: FAA ACD octubre 2024: configuración de referencia, no máximo entre todas las variantes. AAC validated by Flight Standardization Board (FSB) report.
A46: B753 | C46: No disponible | E46: https://www.faa.gov/airports/engineering/aircraft_char_database/aircraft_data | F46: https://www.faa.gov/airports/engineering/aircraft_char_database/aircraft_data | G46: https://www.faa.gov/airports/engineering/aircraft_char_database/aircraft_data | I46: 270000 | J46: 178.6 | K46: Longitud total (FAA) | L46: FAA ACD octubre 2024: configuración de referencia, no máximo entre todas las variantes.
A47: C650 | C47: No disponible | E47: https://www.faa.gov/airports/engineering/aircraft_char_database/aircraft_data | F47: https://www.faa.gov/airports/engineering/aircraft_char_database/aircraft_data | G47: https://www.faa.gov/airports/engineering/aircraft_char_database/aircraft_data | I47: 23000 | J47: 55.5 | K47: Longitud total (FAA) | L47: FAA ACD octubre 2024: configuración de referencia, no máximo entre todas las variantes.
A48: B739 | B48: Boeing 737-900 | C48: OpenAP: parámetro wing.area (no BADA) | D48: https://github.com/junzis/openap/blob/master/openap/data/aircraft/b739.yml | E48: https://www.faa.gov/airports/engineering/aircraft_char_database/aircraft_data | F48: https://www.faa.gov/airports/engineering/aircraft_char_database/aircraft_data | G48: https://www.faa.gov/airports/engineering/aircraft_char_database/aircraft_data | H48: https://github.com/junzis/openap/blob/master/openap/data/aircraft/b739.yml | I48: 187700 | J48: 138.2 | K48: Longitud total (FAA) | L48: FAA ACD octubre 2024: configuración de referencia, no máximo entre todas las variantes. Depending on flaps configuration and MALW, AAC could be C. AAC validated by Flight Standardization Board (FSB) report.
A49: GA6C | C49: No disponible | E49: https://www.faa.gov/airports/engineering/aircraft_char_database/aircraft_data | F49: https://www.faa.gov/airports/engineering/aircraft_char_database/aircraft_data | G49: https://www.faa.gov/airports/engineering/aircraft_char_database/aircraft_data | I49: 94600 | J49: 96.1 | K49: Longitud total (FAA) | L49: FAA ACD octubre 2024: configuración de referencia, no máximo entre todas las variantes. AAC validated by Flight Standardization Board (FSB) report. Moved the wingspan to winglet column.
A50: C25C | B50: Citation CJ4 Gen3 | C50: Fabricante: Wing Area | D50: https://cessna.txtav.com/en/citation/cj4-gen2 | E50: https://www.faa.gov/airports/engineering/aircraft_char_database/aircraft_data | F50: https://www.faa.gov/airports/engineering/aircraft_char_database/aircraft_data | G50: https://www.faa.gov/airports/engineering/aircraft_char_database/aircraft_data | I50: 17110 | J50: 53.3 | K50: Longitud total (FAA) | L50: FAA ACD octubre 2024: configuración de referencia, no máximo entre todas las variantes. AAC validated by Flight Standardization Board (FSB) report.
A51: E75S | C51: No disponible | E51: https://www.faa.gov/airports/engineering/aircraft_char_database/aircraft_data | F51: https://www.faa.gov/airports/engineering/aircraft_char_database/aircraft_data | G51: https://www.faa.gov/airports/engineering/aircraft_char_database/aircraft_data | I51: 82673 | J51: 103.9 | K51: Longitud total (FAA) | L51: FAA ACD octubre 2024: configuración de referencia, no máximo entre todas las variantes. AAC validated by Flight Standardization Board (FSB) report.
A52: SF34 | B52: Saab_340B | C52: FAST: dato de investigación Aero_S (no BADA) | D52: https://github.com/ideas-um/FAST/blob/main/%2BDatabasePkg/JMPInputSheetPROPS.xlsx | E52: https://www.faa.gov/airports/engineering/aircraft_char_database/aircraft_data | F52: https://www.faa.gov/airports/engineering/aircraft_char_database/aircraft_data | G52: https://www.faa.gov/airports/engineering/aircraft_char_database/aircraft_data | I52: 28000 | J52: 64.7 | K52: Longitud total (FAA) | L52: FAA ACD octubre 2024: configuración de referencia, no máximo entre todas las variantes. AAC validated by Flight Standardization Board (FSB) report.
A53: BCS1 | C53: No disponible | E53: https://www.faa.gov/airports/engineering/aircraft_char_database/aircraft_data | F53: https://www.faa.gov/airports/engineering/aircraft_char_database/aircraft_data | G53: https://www.faa.gov/airports/engineering/aircraft_char_database/aircraft_data | I53: 139100 | J53: 114.8 | K53: Longitud total (FAA) | L53: FAA ACD octubre 2024: configuración de referencia, no máximo entre todas las variantes. AAC validated by Flight Standardization Board (FSB) report.
A54: LJ60 | C54: No disponible | E54: https://www.faa.gov/airports/engineering/aircraft_char_database/aircraft_data | F54: https://www.faa.gov/airports/engineering/aircraft_char_database/aircraft_data | G54: https://www.faa.gov/airports/engineering/aircraft_char_database/aircraft_data | I54: 22750 | J54: 58.7 | K54: Longitud total (FAA) | L54: FAA ACD octubre 2024: configuración de referencia, no máximo entre todas las variantes. AAC validated by Flight Standardization Board (FSB) report.
A55: F900 | C55: No disponible | E55: https://www.faa.gov/airports/engineering/aircraft_char_database/aircraft_data | F55: https://www.faa.gov/airports/engineering/aircraft_char_database/aircraft_data | G55: https://www.faa.gov/airports/engineering/aircraft_char_database/aircraft_data | I55: 49000 | J55: 66.3 | K55: Longitud total (FAA) | L55: FAA ACD octubre 2024: configuración de referencia, no máximo entre todas las variantes. According to FSB data, If flaps are not down (not flaps), AAC is D.
A56: C680 | C56: No disponible | E56: https://www.faa.gov/airports/engineering/aircraft_char_database/aircraft_data | F56: https://www.faa.gov/airports/engineering/aircraft_char_database/aircraft_data | G56: https://www.faa.gov/airports/engineering/aircraft_char_database/aircraft_data | I56: 30300 | J56: 63.5 | K56: Longitud total (FAA) | L56: FAA ACD octubre 2024: configuración de referencia, no máximo entre todas las variantes. AAC validated by Flight Standardization Board (FSB) report.
A57: PRM1 | C57: No disponible | E57: https://www.faa.gov/airports/engineering/aircraft_char_database/aircraft_data | F57: https://www.faa.gov/airports/engineering/aircraft_char_database/aircraft_data | G57: https://www.faa.gov/airports/engineering/aircraft_char_database/aircraft_data | I57: 12500 | J57: 46 | K57: Longitud total (FAA) | L57: FAA ACD octubre 2024: configuración de referencia, no máximo entre todas las variantes. AAC validated by Flight Standardization Board (FSB) report.
A58: C55B | C58: No disponible | E58: https://www.faa.gov/airports/engineering/aircraft_char_database/aircraft_data | F58: https://www.faa.gov/airports/engineering/aircraft_char_database/aircraft_data | G58: https://www.faa.gov/airports/engineering/aircraft_char_database/aircraft_data | I58: 14800 | J58: 47.7 | K58: Longitud total (FAA) | L58: FAA ACD octubre 2024: configuración de referencia, no máximo entre todas las variantes.
A59: E295 | C59: No disponible | E59: https://www.faa.gov/airports/engineering/aircraft_char_database/aircraft_data | F59: https://www.faa.gov/airports/engineering/aircraft_char_database/aircraft_data | G59: https://www.faa.gov/airports/engineering/aircraft_char_database/aircraft_data | I59: 135585 | J59: 136.2 | K59: Longitud total (FAA) | L59: FAA ACD octubre 2024: configuración de referencia, no máximo entre todas las variantes.
A60: C56X | C60: No disponible | E60: https://www.faa.gov/airports/engineering/aircraft_char_database/aircraft_data | F60: https://www.faa.gov/airports/engineering/aircraft_char_database/aircraft_data | G60: https://www.faa.gov/airports/engineering/aircraft_char_database/aircraft_data | I60: 20200 | J60: 51.8 | K60: Longitud total (FAA) | L60: FAA ACD octubre 2024: configuración de referencia, no máximo entre todas las variantes. According to FSB data, If flaps configuration is set for 15 or 20 degrees (not full flaps), AAC is C.
A61: H25B | C61: No disponible | E61: https://www.faa.gov/airports/engineering/aircraft_char_database/aircraft_data | F61: https://www.faa.gov/airports/engineering/aircraft_char_database/aircraft_data | G61: https://www.faa.gov/airports/engineering/aircraft_char_database/aircraft_data | I61: 28000 | J61: 51.2 | K61: Longitud total (FAA) | L61: FAA ACD octubre 2024: configuración de referencia, no máximo entre todas las variantes. AAC validated by Flight Standardization Board (FSB) report.
A62: MD11 | B62: MD_11 | C62: FAST: dato de investigación Aero_S (no BADA) | D62: https://github.com/ideas-um/FAST/blob/main/%2BDatabasePkg/JMPInputSheetFANS.xlsx | E62: https://www.faa.gov/airports/engineering/aircraft_char_database/aircraft_data | F62: https://www.faa.gov/airports/engineering/aircraft_char_database/aircraft_data | G62: https://www.faa.gov/airports/engineering/aircraft_char_database/aircraft_data | I62: 602500 | J62: 202.2 | K62: Longitud total (FAA) | L62: FAA ACD octubre 2024: configuración de referencia, no máximo entre todas las variantes. AAC validated by Flight Standardization Board (FSB) report.
A63: F2TH | C63: No disponible | E63: https://www.faa.gov/airports/engineering/aircraft_char_database/aircraft_data | F63: https://www.faa.gov/airports/engineering/aircraft_char_database/aircraft_data | G63: https://www.faa.gov/airports/engineering/aircraft_char_database/aircraft_data | I63: 42400 | J63: 66.3 | K63: Longitud total (FAA) | L63: FAA ACD octubre 2024: configuración de referencia, no máximo entre todas las variantes. According to FSB data, If flaps are not down (not flaps), AAC is D.
A64: DH8D | C64: No disponible | E64: https://www.faa.gov/airports/engineering/aircraft_char_database/aircraft_data | F64: https://www.faa.gov/airports/engineering/aircraft_char_database/aircraft_data | G64: https://www.faa.gov/airports/engineering/aircraft_char_database/aircraft_data | I64: 64500 | J64: 107.8 | K64: Longitud total (FAA) | L64: FAA ACD octubre 2024: configuración de referencia, no máximo entre todas las variantes. AAC validated by Flight Standardization Board (FSB) report.
A65: C25A | C65: No disponible | E65: https://www.faa.gov/airports/engineering/aircraft_char_database/aircraft_data | F65: https://www.faa.gov/airports/engineering/aircraft_char_database/aircraft_data | G65: https://www.faa.gov/airports/engineering/aircraft_char_database/aircraft_data | I65: 12500 | J65: 47.7 | K65: Longitud total (FAA) | L65: FAA ACD octubre 2024: configuración de referencia, no máximo entre todas las variantes. AAC validated by Flight Standardization Board (FSB) report.
A66: C68A | B66: Citation Latitude | C66: Fabricante: Wing Area | D66: https://cessna.txtav.com/en/citation/latitude | E66: https://www.faa.gov/airports/engineering/aircraft_char_database/aircraft_data | F66: https://www.faa.gov/airports/engineering/aircraft_char_database/aircraft_data | G66: https://www.faa.gov/airports/engineering/aircraft_char_database/aircraft_data | I66: 30800 | J66: 62.3 | K66: Longitud total (FAA) | L66: FAA ACD octubre 2024: configuración de referencia, no máximo entre todas las variantes. AAC validated by Flight Standardization Board (FSB) report.
A67: LJ45 | B67: Learjet45 | C67: FAST: dato de investigación Aero_S (no BADA) | D67: https://github.com/ideas-um/FAST/blob/main/%2BDatabasePkg/JMPInputSheetFANS.xlsx | E67: https://www.faa.gov/airports/engineering/aircraft_char_database/aircraft_data | F67: https://www.faa.gov/airports/engineering/aircraft_char_database/aircraft_data | G67: https://www.faa.gov/airports/engineering/aircraft_char_database/aircraft_data | I67: 21500 | J67: 58 | K67: Longitud total (FAA) | L67: FAA ACD octubre 2024: configuración de referencia, no máximo entre todas las variantes. AAC validated by Flight Standardization Board (FSB) report.
A68: BE4W | C68: No disponible | K68: No disponible | L68: No se encontró una ficha suficientemente verificada para completar los valores.
A69: E35L | C69: No disponible | E69: https://www.faa.gov/airports/engineering/aircraft_char_database/aircraft_data | F69: https://www.faa.gov/airports/engineering/aircraft_char_database/aircraft_data | G69: https://www.faa.gov/airports/engineering/aircraft_char_database/aircraft_data | I69: 44092 | J69: 86.4 | K69: Longitud total (FAA) | L69: FAA ACD octubre 2024: configuración de referencia, no máximo entre todas las variantes.
A70: PC12 | C70: No disponible | E70: https://www.faa.gov/airports/engineering/aircraft_char_database/aircraft_data | F70: https://www.faa.gov/airports/engineering/aircraft_char_database/aircraft_data | G70: https://www.faa.gov/airports/engineering/aircraft_char_database/aircraft_data | I70: 10450 | J70: 47.3 | K70: Longitud total (FAA) | L70: FAA ACD octubre 2024: configuración de referencia, no máximo entre todas las variantes. Corrected CMG based on Pilatus PC12-NGX brochure.
A71: PC24 | C71: No disponible | E71: https://www.faa.gov/airports/engineering/aircraft_char_database/aircraft_data | F71: https://www.faa.gov/airports/engineering/aircraft_char_database/aircraft_data | G71: https://www.faa.gov/airports/engineering/aircraft_char_database/aircraft_data | I71: 18300 | J71: 55.3 | K71: Longitud total (FAA) | L71: FAA ACD octubre 2024: configuración de referencia, no máximo entre todas las variantes. AAC validated by Flight Standardization Board (FSB) report.
A72: CL60 | C72: No disponible | E72: https://www.faa.gov/airports/engineering/aircraft_char_database/aircraft_data | F72: https://www.faa.gov/airports/engineering/aircraft_char_database/aircraft_data | G72: https://www.faa.gov/airports/engineering/aircraft_char_database/aircraft_data | I72: 47600 | J72: 68.4 | K72: Longitud total (FAA) | L72: FAA ACD octubre 2024: configuración de referencia, no máximo entre todas las variantes. AAC validated by Flight Standardization Board (FSB) report.
A73: GLEX | C73: No disponible | E73: https://www.faa.gov/airports/engineering/aircraft_char_database/aircraft_data | F73: https://www.faa.gov/airports/engineering/aircraft_char_database/aircraft_data | G73: https://www.faa.gov/airports/engineering/aircraft_char_database/aircraft_data | I73: 99500 | J73: 99.4 | K73: Longitud total (FAA) | L73: FAA ACD octubre 2024: configuración de referencia, no máximo entre todas las variantes. AAC validated by Flight Standardization Board (FSB) report.
A74: B737 | B74: Boeing 737-700 | C74: OpenAP: parámetro wing.area (no BADA) | D74: https://github.com/junzis/openap/blob/master/openap/data/aircraft/b737.yml | E74: https://www.faa.gov/airports/engineering/aircraft_char_database/aircraft_data | F74: https://www.faa.gov/airports/engineering/aircraft_char_database/aircraft_data | G74: https://www.faa.gov/airports/engineering/aircraft_char_database/aircraft_data | H74: https://github.com/junzis/openap/blob/master/openap/data/aircraft/b737.yml | I74: 154500 | J74: 110.3 | K74: Longitud total (FAA) | L74: FAA ACD octubre 2024: configuración de referencia, no máximo entre todas las variantes. AAC validated by Flight Standardization Board (FSB) report.
A75: B39M | B75: Boeing 737 MAX 9 | C75: OpenAP: parámetro wing.area (no BADA) | D75: https://github.com/junzis/openap/blob/master/openap/data/aircraft/b39m.yml | E75: https://www.faa.gov/airports/engineering/aircraft_char_database/aircraft_data | F75: https://www.faa.gov/airports/engineering/aircraft_char_database/aircraft_data | G75: https://www.faa.gov/airports/engineering/aircraft_char_database/aircraft_data | H75: https://github.com/junzis/openap/blob/master/openap/data/aircraft/b39m.yml | I75: 194700 | J75: 138.3 | K75: Longitud total (FAA) | L75: FAA ACD octubre 2024: configuración de referencia, no máximo entre todas las variantes. Depending on flaps configuration and MALW, AAC could be C. AAC validated by Flight Standardization Board (FSB) report.
A76: G280 | C76: No disponible | E76: https://www.faa.gov/airports/engineering/aircraft_char_database/aircraft_data | F76: https://www.faa.gov/airports/engineering/aircraft_char_database/aircraft_data | G76: https://www.faa.gov/airports/engineering/aircraft_char_database/aircraft_data | I76: 39600 | J76: 66.8 | K76: Longitud total (FAA) | L76: FAA ACD octubre 2024: configuración de referencia, no máximo entre todas las variantes. AAC validated by Flight Standardization Board (FSB) report.
A77: GL5T | C77: No disponible | E77: https://www.faa.gov/airports/engineering/aircraft_char_database/aircraft_data | F77: https://www.faa.gov/airports/engineering/aircraft_char_database/aircraft_data | G77: https://www.faa.gov/airports/engineering/aircraft_char_database/aircraft_data | I77: 92500 | J77: 96.8 | K77: Longitud total (FAA) | L77: FAA ACD octubre 2024: configuración de referencia, no máximo entre todas las variantes. AAC validated by Flight Standardization Board (FSB) report.
A78: GALX | C78: No disponible | E78: https://www.faa.gov/airports/engineering/aircraft_char_database/aircraft_data | F78: https://www.faa.gov/airports/engineering/aircraft_char_database/aircraft_data | G78: https://www.faa.gov/airports/engineering/aircraft_char_database/aircraft_data | I78: 35650 | J78: 62.3 | K78: Longitud total (FAA) | L78: FAA ACD octubre 2024: configuración de referencia, no máximo entre todas las variantes. AAC validated by Flight Standardization Board (FSB) report.
A79: J328 | C79: No disponible | E79: https://www.faa.gov/airports/engineering/aircraft_char_database/aircraft_data | F79: https://www.faa.gov/airports/engineering/aircraft_char_database/aircraft_data | G79: https://www.faa.gov/airports/engineering/aircraft_char_database/aircraft_data | I79: 34524 | J79: 69.7 | K79: Longitud total (FAA) | L79: FAA ACD octubre 2024: configuración de referencia, no máximo entre todas las variantes. AAC validated by Flight Standardization Board (FSB) report.
A80: C25M | B80: Citation M2 | C80: Fabricante: Wing Area | D80: https://cessna.txtav.com/en/citation/m2-gen2 | E80: https://www.faa.gov/airports/engineering/aircraft_char_database/aircraft_data | F80: https://www.faa.gov/airports/engineering/aircraft_char_database/aircraft_data | G80: https://www.faa.gov/airports/engineering/aircraft_char_database/aircraft_data | I80: 10700 | J80: 42.6 | K80: Longitud total (FAA) | L80: FAA ACD octubre 2024: configuración de referencia, no máximo entre todas las variantes. AAC validated by Flight Standardization Board (FSB) report.
A81: BE40 | C81: No disponible | E81: https://www.faa.gov/airports/engineering/aircraft_char_database/aircraft_data | F81: https://www.faa.gov/airports/engineering/aircraft_char_database/aircraft_data | G81: https://www.faa.gov/airports/engineering/aircraft_char_database/aircraft_data | I81: 16100 | J81: 48.4 | K81: Longitud total (FAA) | L81: FAA ACD octubre 2024: configuración de referencia, no máximo entre todas las variantes.
A82: CRJ2 | C82: No disponible | E82: https://www.faa.gov/airports/engineering/aircraft_char_database/aircraft_data | F82: https://www.faa.gov/airports/engineering/aircraft_char_database/aircraft_data | G82: https://www.faa.gov/airports/engineering/aircraft_char_database/aircraft_data | I82: 47450 | J82: 87.8 | K82: Longitud total (FAA) | L82: FAA ACD octubre 2024: configuración de referencia, no máximo entre todas las variantes. AAC validated by Flight Standardization Board (FSB) report.
A83: B734 | B83: Boeing 737-400 | C83: OpenAP: parámetro wing.area (no BADA) | D83: https://github.com/junzis/openap/blob/master/openap/data/aircraft/b734.yml | E83: https://www.faa.gov/airports/engineering/aircraft_char_database/aircraft_data | F83: https://www.faa.gov/airports/engineering/aircraft_char_database/aircraft_data | G83: https://www.faa.gov/airports/engineering/aircraft_char_database/aircraft_data | H83: https://github.com/junzis/openap/blob/master/openap/data/aircraft/b734.yml | I83: 150000 | J83: 119.6 | K83: Longitud total (FAA) | L83: FAA ACD octubre 2024: configuración de referencia, no máximo entre todas las variantes. AAC validated by Flight Standardization Board (FSB) report.
A84: P180 | C84: No disponible | E84: https://www.faa.gov/airports/engineering/aircraft_char_database/aircraft_data | F84: https://www.faa.gov/airports/engineering/aircraft_char_database/aircraft_data | G84: https://www.faa.gov/airports/engineering/aircraft_char_database/aircraft_data | I84: 12050 | J84: 47.3 | K84: Longitud total (FAA) | L84: FAA ACD octubre 2024: configuración de referencia, no máximo entre todas las variantes.
A85: B736 | C85: No disponible | E85: https://www.faa.gov/airports/engineering/aircraft_char_database/aircraft_data | F85: https://www.faa.gov/airports/engineering/aircraft_char_database/aircraft_data | G85: https://www.faa.gov/airports/engineering/aircraft_char_database/aircraft_data | I85: 144500 | J85: 102.5 | K85: Longitud total (FAA) | L85: FAA ACD octubre 2024: configuración de referencia, no máximo entre todas las variantes. AAC validated by Flight Standardization Board (FSB) report.
A86: GLF6 | B86: Gulfstream G650 / 650ER | C86: OpenAP: parámetro wing.area (no BADA) | D86: https://github.com/junzis/openap/blob/master/openap/data/aircraft/glf6.yml | E86: https://www.faa.gov/airports/engineering/aircraft_char_database/aircraft_data | F86: https://www.faa.gov/airports/engineering/aircraft_char_database/aircraft_data | G86: https://www.faa.gov/airports/engineering/aircraft_char_database/aircraft_data | H86: https://github.com/junzis/openap/blob/master/openap/data/aircraft/glf6.yml | I86: 99600 | J86: 99.8 | K86: Longitud total (FAA) | L86: FAA ACD octubre 2024: configuración de referencia, no máximo entre todas las variantes. AAC validated by Flight Standardization Board (FSB) report. Registration count does not include G650ER (288 G650ERs in US registry).
A87: CL30 | B87: BD_100_1A10 | C87: FAST: dato de investigación Aero_S (no BADA) | D87: https://github.com/ideas-um/FAST/blob/main/%2BDatabasePkg/JMPInputSheetFANS.xlsx | E87: https://www.faa.gov/airports/engineering/aircraft_char_database/aircraft_data | F87: https://www.faa.gov/airports/engineering/aircraft_char_database/aircraft_data | G87: https://www.faa.gov/airports/engineering/aircraft_char_database/aircraft_data | I87: 38850 | J87: 68.8 | K87: Longitud total (FAA) | L87: FAA ACD octubre 2024: configuración de referencia, no máximo entre todas las variantes. AAC validated by Flight Standardization Board (FSB) report.
A88: E290 | C88: No disponible | E88: https://www.faa.gov/airports/engineering/aircraft_char_database/aircraft_data | F88: https://www.faa.gov/airports/engineering/aircraft_char_database/aircraft_data | G88: https://www.faa.gov/airports/engineering/aircraft_char_database/aircraft_data | I88: 124340 | J88: 118.8 | K88: Longitud total (FAA) | L88: FAA ACD octubre 2024: configuración de referencia, no máximo entre todas las variantes. AAC validated by Flight Standardization Board (FSB) report.
A89: C700 | B89: Citation Longitude | C89: Fabricante: Wing Area | D89: https://cessna.txtav.com/en/citation/longitude | E89: https://www.faa.gov/airports/engineering/aircraft_char_database/aircraft_data | F89: https://www.faa.gov/airports/engineering/aircraft_char_database/aircraft_data | G89: https://www.faa.gov/airports/engineering/aircraft_char_database/aircraft_data | I89: 39500 | J89: 73.2 | K89: Longitud total (FAA) | L89: FAA ACD octubre 2024: configuración de referencia, no máximo entre todas las variantes. AAC validated by Flight Standardization Board (FSB) report.
A90: D328 | B90: D328_100 | C90: FAST: dato de investigación Aero_S (no BADA) | D90: https://github.com/ideas-um/FAST/blob/main/%2BDatabasePkg/JMPInputSheetPROPS.xlsx | E90: https://www.faa.gov/airports/engineering/aircraft_char_database/aircraft_data | F90: https://www.faa.gov/airports/engineering/aircraft_char_database/aircraft_data | G90: https://www.faa.gov/airports/engineering/aircraft_char_database/aircraft_data | I90: 30843 | J90: 69.8 | K90: Longitud total (FAA) | L90: FAA ACD octubre 2024: configuración de referencia, no máximo entre todas las variantes. AAC validated by Flight Standardization Board (FSB) report.
A91: FA8X | C91: No disponible | E91: https://www.faa.gov/airports/engineering/aircraft_char_database/aircraft_data | F91: https://www.faa.gov/airports/engineering/aircraft_char_database/aircraft_data | G91: https://www.faa.gov/airports/engineering/aircraft_char_database/aircraft_data | I91: 73000 | J91: 80.2 | K91: Longitud total (FAA) | L91: FAA ACD octubre 2024: configuración de referencia, no máximo entre todas las variantes. AAC validated by Flight Standardization Board (FSB) report.
A92: E550 | C92: No disponible | E92: https://www.faa.gov/airports/engineering/aircraft_char_database/aircraft_data | F92: https://www.faa.gov/airports/engineering/aircraft_char_database/aircraft_data | G92: https://www.faa.gov/airports/engineering/aircraft_char_database/aircraft_data | I92: 38360 | J92: 68 | K92: Longitud total (FAA) | L92: FAA ACD octubre 2024: configuración de referencia, no máximo entre todas las variantes. AAC validated by Flight Standardization Board (FSB) report.
A93: GL7T | C93: No disponible | E93: https://www.faa.gov/airports/engineering/aircraft_char_database/aircraft_data | F93: https://www.faa.gov/airports/engineering/aircraft_char_database/aircraft_data | G93: https://www.faa.gov/airports/engineering/aircraft_char_database/aircraft_data | I93: 106250 | J93: 110.6 | K93: Longitud total (FAA) | L93: FAA ACD octubre 2024: configuración de referencia, no máximo entre todas las variantes. AAC validated by Flight Standardization Board (FSB) report.
A94: B190 | B94: Beech_1900D | C94: FAST: dato de investigación Aero_S (no BADA) | D94: https://github.com/ideas-um/FAST/blob/main/%2BDatabasePkg/JMPInputSheetPROPS.xlsx | E94: https://www.faa.gov/airports/engineering/aircraft_char_database/aircraft_data | F94: https://www.faa.gov/airports/engineering/aircraft_char_database/aircraft_data | G94: https://www.faa.gov/airports/engineering/aircraft_char_database/aircraft_data | I94: 17120 | J94: 57.7 | K94: Longitud total (FAA) | L94: FAA ACD octubre 2024: configuración de referencia, no máximo entre todas las variantes. AAC validated by Flight Standardization Board (FSB) report. Verify with aircraft operator if they are using an approved Supplemental Type Certificate with a “Flaps Approach” or “Flaps 17” configuration during a Normal Landing; if so, and the aircraft has regular use, select AAC C.
A95: A310 | B95: A310_204 | C95: FAST: dato de investigación Aero_S (no BADA) | D95: https://github.com/ideas-um/FAST/blob/main/%2BDatabasePkg/JMPInputSheetFANS.xlsx | E95: https://www.faa.gov/airports/engineering/aircraft_char_database/aircraft_data | F95: https://www.faa.gov/airports/engineering/aircraft_char_database/aircraft_data | G95: https://www.faa.gov/airports/engineering/aircraft_char_database/aircraft_data | I95: 317465 | J95: 153.2 | K95: Longitud total (FAA) | L95: FAA ACD octubre 2024: configuración de referencia, no máximo entre todas las variantes. AAC validated by Flight Standardization Board (FSB) report.
A96: C525 | C96: No disponible | E96: https://www.faa.gov/airports/engineering/aircraft_char_database/aircraft_data | F96: https://www.faa.gov/airports/engineering/aircraft_char_database/aircraft_data | G96: https://www.faa.gov/airports/engineering/aircraft_char_database/aircraft_data | I96: 10700 | J96: 42.6 | K96: Longitud total (FAA) | L96: FAA ACD octubre 2024: configuración de referencia, no máximo entre todas las variantes. AAC validated by Flight Standardization Board (FSB) report.
A97: H25C | C97: No disponible | E97: https://www.faa.gov/airports/engineering/aircraft_char_database/aircraft_data | F97: https://www.faa.gov/airports/engineering/aircraft_char_database/aircraft_data | G97: https://www.faa.gov/airports/engineering/aircraft_char_database/aircraft_data | I97: 31100 | J97: 53.9 | K97: Longitud total (FAA) | L97: FAA ACD octubre 2024: configuración de referencia, no máximo entre todas las variantes. AAC validated by Flight Standardization Board (FSB) report.
A98: GLF5 | C98: No disponible | E98: https://www.faa.gov/airports/engineering/aircraft_char_database/aircraft_data | F98: https://www.faa.gov/airports/engineering/aircraft_char_database/aircraft_data | G98: https://www.faa.gov/airports/engineering/aircraft_char_database/aircraft_data | I98: 90500 | J98: 96.4 | K98: Longitud total (FAA) | L98: FAA ACD octubre 2024: configuración de referencia, no máximo entre todas las variantes. AAC validated by Flight Standardization Board (FSB) report. Corrected wheelbase using a Gulfstream GV Operating Manual.
A99: FA7X | C99: No disponible | E99: https://www.faa.gov/airports/engineering/aircraft_char_database/aircraft_data | F99: https://www.faa.gov/airports/engineering/aircraft_char_database/aircraft_data | G99: https://www.faa.gov/airports/engineering/aircraft_char_database/aircraft_data | I99: 70000 | J99: 76.1 | K99: Longitud total (FAA) | L99: FAA ACD octubre 2024: configuración de referencia, no máximo entre todas las variantes. AAC validated by Flight Standardization Board (FSB) report.
A100: GLF4 | C100: No disponible | E100: https://www.faa.gov/airports/engineering/aircraft_char_database/aircraft_data | F100: https://www.faa.gov/airports/engineering/aircraft_char_database/aircraft_data | G100: https://www.faa.gov/airports/engineering/aircraft_char_database/aircraft_data | I100: 73200 | J100: 88.3 | K100: Longitud total (FAA) | L100: FAA ACD octubre 2024: configuración de referencia, no máximo entre todas las variantes. AAC validated by Flight Standardization Board (FSB) report.
A101: BE20 | B101: King Air 260 | C101: Fabricante: Wing Area | D101: https://beechcraft.txtav.com/en/king-air-260 | E101: https://www.faa.gov/airports/engineering/aircraft_char_database/aircraft_data | F101: https://www.faa.gov/airports/engineering/aircraft_char_database/aircraft_data | G101: https://www.faa.gov/airports/engineering/aircraft_char_database/aircraft_data | I101: 12500 | J101: 43.8 | K101: Longitud total (FAA) | L101: FAA ACD octubre 2024: configuración de referencia, no máximo entre todas las variantes. AAC validated by Flight Standardization Board (FSB) report.
A102: TBM7 | C102: No disponible | E102: https://www.faa.gov/airports/engineering/aircraft_char_database/aircraft_data | F102: https://www.faa.gov/airports/engineering/aircraft_char_database/aircraft_data | G102: https://www.faa.gov/airports/engineering/aircraft_char_database/aircraft_data | I102: 6614 | J102: 34.9 | K102: Longitud total (FAA) | L102: FAA ACD octubre 2024: configuración de referencia, no máximo entre todas las variantes.
A103: PAY3 | C103: No disponible | E103: https://www.faa.gov/airports/engineering/aircraft_char_database/aircraft_data | F103: https://www.faa.gov/airports/engineering/aircraft_char_database/aircraft_data | G103: https://www.faa.gov/airports/engineering/aircraft_char_database/aircraft_data | I103: 11200 | J103: 43.4 | K103: Longitud total (FAA) | L103: FAA ACD octubre 2024: configuración de referencia, no máximo entre todas las variantes.
...

Sheet Guia
A1: Campo / criterio | B1: Interpretación
A2: Cobertura | B2: 243 filas conservadas en el orden del CSV; 225 con algún dato.
A3: Superficie alar pública | B3: 62 valores. Área de referencia publicada; no se calcula a partir de la envergadura. OpenAP y FAST son datos de modelos de investigación, no certificación ni BADA.
A4: MTOW | B4: 224 valores, en kg. Máximo al despegue de la configuración indicada por la fuente. No es necesariamente el mayor MTOW certificado entre todas las variantes del mismo código ni el de una matrícula concreta.
A5: Longitud del fuselaje | B5: 35 valores del campo fuselage.length de OpenAP. Se conserva el significado declarado por el modelo; no es una medición independiente del fuselaje.
A6: Longitud total / publicada | B6: 221 valores en m. FAA: Aircraft Full Length. Otras fichas: longitud general publicada. En helicópteros puede incluir rotores. No se intercambia con longitud estricta del fuselaje.
A7: Motores | B7: 225 valores. Número de motores principales de propulsión instalados; excluye APU y motores auxiliares. An-26: 2 principales y RU-19 auxiliar indicado en notas.
A8: BADA | B8: No se accedió a una base BADA licenciada. La columna se mantiene vacía; las fichas públicas de EUROCONTROL no se presentan como BADA. https://www.eurocontrol.int/model/bada
A9: Variantes | B9: El código ICAO puede abarcar distintas versiones. El modelo para MTOW está en Aeronaves; la variante de superficie está en Fuentes. No se garantiza que todos los campos correspondan a una misma subvariante.
A10: Designadores | B10: Se conserva el código del CSV, sin normalizar ni sustituir códigos dudosos. Los códigos sin ficha identificada se marcan Pendiente. ZZZZ no determina un modelo; la fila vacía se conserva.
A11: Conversiones | B11: 1 lb = 0.45359237 kg; 1 ft = 0.3048 m. Los datos FAA originales están en Fuentes; las conversiones son fórmulas. Visualización: kg enteros y m/m² con dos decimales.
A12: FAA | B12: Aircraft Characteristics Database, edición octubre 2024. Fuente base para coincidencias exactas de código. https://www.faa.gov/airports/engineering/aircraft_char_database
... A17: Fecha | B17: Fuentes consultadas el 13 de septiembre de 2026; la edición de una base puede ser anterior.
